yr_reported	Bias	Bias_motivation	Incidents	Offenses	Victims	Known_offenders
2008	Total	Total	"7,783"	"9,168"	"9,691"	"6,927"
2008	single_bias_total	Single-Bias Incidents	"7,780"	"9,160"	"9,683"	"6,921"
2008	race_total	Race	"3,992"	"4,704"	"4,934"	"3,723"
2008	race	Anti-White	716	812	829	811
2008	race	Anti-Black	"2,876"	"3,413"	"3,596"	"2,596"
2008	race	Anti-American Indian/Alaskan Native	54	59	63	61
2008	race	Anti-Asian/Pacific Islander	137	162	170	140
2008	race	"Anti-Multiple Races, Group"	209	258	276	115
2008	religion_total	Religion	"1,519"	"1,606"	"1,732"	632
2008	religion	Anti-Jewish	"1,013"	"1,055"	"1,145"	353
2008	religion	Anti-Catholic	75	75	89	35
2008	religion	Anti-Protestant	56	60	62	34
2008	religion	Anti-Islamic	105	123	130	85
2008	religion	Anti-Other Religion	191	212	222	90
2008	religion	"Anti-Multiple Religions, Group"	65	67	70	33
2008	religion	Anti-Atheism/Agnosticism/etc.	14	14	14	2
2008	sexual_total	Sexual Orientation	"1,297"	"1,617"	"1,706"	"1,460"
2008	sexual	Anti-Male Homosexual	776	948	981	921
2008	sexual	Anti-Female Homosexual	154	194	198	156
2008	sexual	Anti-Homosexual	307	415	466	336
2008	sexual	Anti-Heterosexual	33	33	34	25
2008	sexual	Anti-Bisexual	27	27	27	22
2008	ethnicity_total	Ethnicity/National Origin	894	"1,148"	"1,226"	"1,034"
2008	ethnicity	Anti-Hispanic	561	735	792	711
2008	ethnicity	Anti-Other Ethnicity/National Origin	333	413	434	323
2008	disability_total	Disability	78	85	85	72
2008	disability	Anti-Physical	22	28	28	26
2008	disability	Anti-Mental	56	57	57	46
2008	multi_total	Multiple-Bias Incidents	3	8	8	6
