﻿yr_reported,Bias,Bias_motivation,Incidents,Offenses,Victims,Known_offenders
2011,Total,Total,6222,7254,7713,5731
2011,single_bias_total,Single-Bias Incidents,6216,7240,7697,5724
2011,race_total,Race,2917,3465,3645,2787
2011,race,Anti-White,504,577,593,594
2011,race,Anti-Black,2076,2494,2619,1935
2011,race,Anti-American Indian/Alaskan Native,61,67,70,60
2011,race,Anti-Asian/Pacific Islander,138,165,175,120
2011,race,"Anti-Multiple Races, Group",138,162,188,78
2011,religion_total,Religion,1233,1318,1480,590
2011,religion,Anti-Jewish,771,820,936,287
2011,religion,Anti-Catholic,67,68,84,21
2011,religion,Anti-Protestant,44,49,51,32
2011,religion,Anti-Islamic,157,175,185,138
2011,religion,Anti-Other Religion,130,139,155,74
2011,religion,"Anti-Multiple Religions, Group",60,63,65,37
2011,religion,Anti-Atheism/Agnosticism/etc.,4,4,4,1
2011,sexual_total,Sexual Orientation,1293,1508,1572,1511
2011,sexual,Anti-Male Homosexual,760,871,891,978
2011,sexual,Anti-Female Homosexual,137,168,174,123
2011,sexual,Anti-Homosexual,359,429,465,362
2011,sexual,Anti-Heterosexual,16,17,19,19
2011,sexual,Anti-Bisexual,21,23,23,29
2011,ethnicity_total,Ethnicity/National Origin,720,891,939,749
2011,ethnicity,Anti-Hispanic,405,506,534,452
2011,ethnicity,Anti-Other Ethnicity/National Origin,315,385,405,297
2011,disability_total,Disability,53,58,61,87
2011,disability,Anti-Physical,19,23,26,29
2011,disability,Anti-Mental,34,35,35,58
2011,multi_total,Multiple-Bias Incidents,6,14,16,7
