﻿yr_reported,Bias,Bias_motivation,Incidents,Offenses,Victims,Known_offenders
2010,Total,Total,"6,628","7,699","8,208","6,008"
2010,single_bias_total,Single-Bias Incidents,"6,624","7,690","8,199","6,001"
2010,race_total,race,"3,135","3,725","3,949","2,934"
2010,race,Anti-White,575,679,697,649
2010,race,Anti-Black,"2,201","2,600","2,765","1,974"
2010,race,Anti-American Indian/Alaskan Native,44,45,47,43
2010,race,Anti-Asian/Pacific Islander,150,190,203,156
2010,race,"Anti-Multiple Races, Group",165,211,237,112
2010,religion_total,religion,"1,322","1,409","1,552",606
2010,religion,Anti-Jewish,887,922,"1,040",346
2010,religion,Anti-Catholic,58,61,65,22
2010,religion,Anti-Protestant,41,46,47,6
2010,religion,Anti-Islamic,160,186,197,125
2010,religion,Anti-Other Religion,123,134,141,72
2010,religion,"Anti-Multiple Religions, Group",48,53,55,30
2010,religion,Anti-Atheism/Agnosticism/etc.,5,7,7,5
2010,sexual_total,sexual,"1,277","1,470","1,528","1,516"
2010,sexual,Anti-Male Homosexual,739,851,876,904
2010,sexual,Anti-Female Homosexual,144,167,181,152
2010,sexual,Anti-Homosexual,347,403,420,412
2010,sexual,Anti-Heterosexual,21,21,22,21
2010,sexual,Anti-Bisexual,26,28,29,27
2010,ethnicity_total,Ethnicity/National Origin:,847,"1,040","1,122",887
2010,ethnicity,Anti-Hispanic,534,681,747,593
2010,ethnicity,Anti-Other Ethnicity/National Origin,313,359,375,294
2010,disability_total,Disability:,43,46,48,58
2010,disability,Anti-Physical,19,22,24,28
2010,disability,Anti-Mental,24,24,24,30
2010,multi_total,Multiple-Bias Incidents3,4,9,9,7
