﻿yr_reported,Bias,Bias_motivation,Incidents,Offenses,Victims,Known_offenders
2016,Total,Total,"6,121","7,321","7,615","5,770"
2016,single_bias_total,Single-Bias Incidents,"6,063","7,227","7,509","5,727"
2016,race_total,Race/Ethnicity/Ancestry,"3,489","4,229","4,426","3,383"
2016,race,Anti-White,720,876,909,831
2016,race,Anti-Black or African American,"1,739","2,122","2,220","1,588"
2016,race,Anti-American Indian or Alaska Native,154,161,169,118
2016,race,Anti-Asian,113,131,137,123
2016,race,Anti-Native Hawaiian or Other Pacific Islander,9,9,9,8
2016,race,"Anti-Multiple Races, Group",136,178,190,104
2016,race,Anti-Arab,51,56,57,60
2016,race,Anti-Hispanic or Latino,344,449,483,380
2016,race,Anti-Other Race/Ethnicity/Ancestry,223,247,252,171
2016,religion_total,Religion,"1,273","1,538","1,584",859
2016,religion,Anti-Jewish,684,834,862,421
2016,religion,Anti-Catholic,62,63,65,45
2016,religion,Anti-Protestant,15,20,22,12
2016,religion,Anti-Islamic (Muslim),307,381,388,243
2016,religion,Anti-Other Religion,74,90,91,53
2016,religion,"Anti-Multiple Religions, Group",34,48,48,20
2016,religion,Anti-Mormon,7,8,8,3
2016,religion,Anti-Jehovah's Witness,2,3,3,1
2016,religion,"Anti-Eastern Orthodox (Russian, Greek, Other)",28,28,30,23
2016,religion,Anti-Other Christian,36,37,39,13
2016,religion,Anti-Buddhist,1,1,1,0
2016,religion,Anti-Hindu,10,12,12,11
2016,religion,Anti-Sikh,7,7,8,10
2016,religion,Anti-Atheism/Agnosticism/etc.,6,6,7,4
2016,sexual_total,Sexual Orientation,"1,076","1,218","1,255","1,225"
2016,sexual,Anti-Gay (Male),675,765,787,806
2016,sexual,Anti-Lesbian,124,141,147,127
2016,sexual,"Anti-Lesbian, Gay, Bisexual, or Transgender (Mixed Group)",234,262,271,254
2016,sexual,Anti-Heterosexual,20,23,23,13
2016,sexual,Anti-Bisexual,23,27,27,25
2016,disability_total,Disability,70,76,77,67
2016,disability,Anti-Physical,26,29,30,29
2016,disability,Anti-Mental,44,47,47,38
2016,gender_total,Gender,31,36,36,28
2016,gender,Anti-Male,7,10,10,7
2016,gender,Anti-Female,24,26,26,21
2016,genderID_total,Gender Identity,124,130,131,165
2016,genderID,Anti-Transgender,105,111,111,149
2016,genderID,Anti-Gender Non-Conforming,19,19,20,16
2016,multi_total,Multiple-Bias Incidents,58,94,106,43
