﻿yr_reported,Bias,Bias_motivation,Incidents,Offenses,Victims,Known_offenders
2009,Total,Total,"6,604","7,789","8,336","6,225"
2009,single_bias_total,Single-Bias Incidents,"6,598","7,775","8,322","6,219"
2009,race_total,Race,"3,199","3,816","4,057","3,241"
2009,race,Anti-White,545,652,668,753
2009,race,Anti-Black,"2,284","2,724","2,902","2,160"
2009,race,Anti-American Indian/Alaskan Native,65,84,87,88
2009,race,Anti-Asian/Pacific Islander,126,147,149,108
2009,race,"Anti-Multiple Races, Group",179,209,251,132
2009,religion_total,Religion,"1,303","1,376","1,575",586
2009,religion,Anti-Jewish,931,964,"1,132",353
2009,religion,Anti-Catholic,51,55,59,25
2009,religion,Anti-Protestant,38,40,42,17
2009,religion,Anti-Islamic,107,128,132,95
2009,religion,Anti-Other Religion,109,119,131,51
2009,religion,"Anti-Multiple Religions, Group",57,60,68,38
2009,religion,Anti-Atheism/Agnosticism/etc.,10,10,11,7
2009,sexual_total,Sexual Orientation,"1,223","1,436","1,482","1,394"
2009,sexual,Anti-Male Homosexual,682,798,817,817
2009,sexual,Anti-Female Homosexual,185,216,227,197
2009,sexual,Anti-Homosexual,312,376,391,349
2009,sexual,Anti-Heterosexual,21,21,21,14
2009,sexual,Anti-Bisexual,23,25,26,17
2009,ethnicity_total,Ethnicity/National Origin,777,"1,050","1,109",934
2009,ethnicity,Anti-Hispanic,483,654,692,649
2009,ethnicity,Anti-Other Ethnicity/National Origin,294,396,417,285
2009,disability_total,Disability,96,97,99,64
2009,disability,Anti-Physical,25,25,25,25
2009,disability,Anti-Mental,71,72,74,39
2009,multi_total,Multiple-Bias Incidents,6,14,14,6
