﻿yr_reported,Bias,Bias_motivation,Incidents,Offenses,Victims,Known_offenders
2015,Total,Total,5850,6885,7173,5493
2015,single_bias_total,Single-Bias Incidents,5818,6837,7121,5475
2015,race_total,Race/Ethnicity/Ancestry,3310,4029,4216,3196
2015,race,Anti-White,613,734,789,681
2015,race,Anti-Black or African American,1745,2125,2201,1605
2015,race,Anti-American Indian or Alaska Native,131,137,141,113
2015,race,Anti-Asian,111,132,136,108
2015,race,Anti-Native Hawaiian or Other Pacific Islander,4,6,6,3
2015,race,"Anti-Multiple Races, Group",113,138,160,83
2015,race,Anti-Arab,37,47,48,35
2015,race,Anti-Hispanic or Latino,299,379,392,325
2015,race,Anti-Other Race/Ethnicity/Ancestry,257,331,343,243
2015,religion_total,Religion,1244,1354,1402,809
2015,religion,Anti-Jewish,664,695,731,387
2015,religion,Anti-Catholic,53,59,60,29
2015,religion,Anti-Protestant,37,47,48,18
2015,religion,Anti-Islamic (Muslim),257,301,307,228
2015,religion,Anti-Other Religion,96,104,107,53
2015,religion,"Anti-Multiple Religions, Group",51,57,58,30
2015,religion,Anti-Mormon,8,8,8,6
2015,religion,Anti-Jehovah's Witness,1,1,1,0
2015,religion,"Anti-Eastern Orthodox (Russian, Greek, Other)",48,50,50,36
2015,religion,Anti-Other Christian,15,18,18,15
2015,religion,Anti-Buddhist,1,1,1,1
2015,religion,Anti-Hindu,5,5,5,2
2015,religion,Anti-Sikh,6,6,6,4
2015,religion,Anti-Atheism/Agnosticism/etc.,2,2,2,0
2015,sexual_total,Sexual Orientation,1053,1219,1263,1221
2015,sexual,Anti-Gay (Male),664,758,786,803
2015,sexual,Anti-Lesbian,136,168,170,142
2015,sexual,"Anti-Lesbian, Gay, Bisexual, or Transgender (Mixed Group)",203,235,248,218
2015,sexual,Anti-Heterosexual,19,23,24,19
2015,sexual,Anti-Bisexual,31,35,35,39
2015,disability_total,Disability,74,88,88,73
2015,disability,Anti-Physical,43,52,52,40
2015,disability,Anti-Mental,31,36,36,33
2015,gender_total,Gender,23,29,30,19
2015,gender,Anti-Male,7,8,8,6
2015,gender,Anti-Female,16,21,22,13
2015,genderID_total,Gender Identity,114,118,122,157
2015,genderID,Anti-Transgender,73,75,76,114
2015,genderID,Anti-Gender Non-Conforming,41,43,46,43
2015,multi_total,Multiple-Bias Incidents,32,48,52,18
