﻿yr_reported,Bias,Bias_motivation,Incidents,Offenses,Victims,Known_offenders
2013,Total,Total,5928,6933,7242,5814
2013,single_bias_total,Single-Bias Incidents,5922,6921,7230,5808
2013,race_total,Race,2871,3407,3563,2733
2013,race,Anti-White,653,728,754,680
2013,race,Anti-Black or African American,1856,2263,2371,1747
2013,race,Anti-American Indian or Alaska Native,129,146,159,108
2013,race,Anti-Asian,135,158,164,130
2013,race,Anti-Native Hawaiian or Other Pacific Islander,3,3,3,7
2013,race,"Anti-Multiple Races, Group",95,109,112,61
2013,religion_total,Religion,1031,1163,1223,682
2013,religion,Anti-Jewish,625,689,737,393
2013,religion,Anti-Catholic,70,74,75,72
2013,religion,Anti-Protestant,35,42,47,17
2013,religion,Anti-Islamic (Muslim),135,165,167,127
2013,religion,Anti-Other Religion,117,135,137,44
2013,religion,"Anti-Multiple Religions, Group",42,51,53,25
2013,religion,Anti-Atheism/Agnosticism/etc.,7,7,7,4
2013,sexual_total,Sexual Orientation,1233,1402,1461,1514
2013,sexual,Anti-Gay (Male),750,849,890,975
2013,sexual,Anti-Lesbian,160,185,191,174
2013,sexual,"Anti-Lesbian, Gay, Bisexual, or Transgender (Mixed Group)",277,317,329,324
2013,sexual,Anti-Heterosexual,21,24,24,20
2013,sexual,Anti-Bisexual,25,27,27,21
2013,ethnicity_total,Ethnicity,655,794,821,743
2013,ethnicity,Anti-Hispanic or Latino,331,418,432,418
2013,ethnicity,Anti-Not Hispanic or Latino,324,376,389,325
2013,disability_total,Disability,83,92,99,77
2013,disability,Anti-Physical,22,23,24,23
2013,disability,Anti-Mental,61,69,75,54
2013,gender_total,Gender,18,30,30,20
2013,gender,Anti-Male,5,5,5,7
2013,gender,Anti-Female,13,25,25,13
2013,genderID_total,Gender Identity,31,33,33,39
2013,genderID,Anti-Transgender,23,25,25,30
2013,genderID,Anti-Gender Non-Conforming,8,8,8,9
2013,multi_total,Multiple-Bias Incidents,6,12,12,6
