﻿yr_reported,Bias,Bias_motivation,Incidents,Offenses,Victims,Known_offenders
2014,Total,Total,5479.00,6418.00,6727.00,5192.00
2014,single_bias_total,Single-Bias Incidents,5462.00,6385.00,6681.00,5176.00
2014,race_total,Race,2568.00,3081.00,3227.00,2431.00
2014,race,Anti-White,593.00,701.00,734.00,635.00
2014,race,Anti-Black or African American,1621.00,1955.00,2022.00,1442.00
2014,race,Anti-American Indian or Alaska Native,130.00,142.00,148.00,108.00
2014,race,Anti-Asian,140.00,168.00,201.00,187.00
2014,race,Anti-Native Hawaiian or Other Pacific Islander,3.00,4.00,4.00,3.00
2014,race,"Anti-Multiple Races, Group",81.00,111.00,118.00,56.00
2014,religion_total,Religion,1014.00,1092.00,1140.00,687.00
2014,religion,Anti-Jewish,609.00,635.00,648.00,380.00
2014,religion,Anti-Catholic,64.00,67.00,70.00,35.00
2014,religion,Anti-Protestant,25.00,28.00,28.00,12.00
2014,religion,Anti-Islamic (Muslim),154.00,178.00,184.00,148.00
2014,religion,Anti-Other Religion,107.00,120.00,125.00,70.00
2014,religion,"Anti-Multiple Religions, Group",44.00,51.00,71.00,29.00
2014,religion,Anti-Atheism/Agnosticism/etc.,11.00,13.00,14.00,13.00
2014,sexual_total,Sexual Orientation,1017.00,1178.00,1248.00,1154.00
2014,sexual,Anti-Gay (Male),599.00,683.00,703.00,732.00
2014,sexual,Anti-Lesbian,129.00,168.00,174.00,126.00
2014,sexual,"Anti-Lesbian, Gay, Bisexual, or Transgender (Mixed Group)",241.00,278.00,305.00,249.00
2014,sexual,Anti-Heterosexual,18.00,18.00,19.00,10.00
2014,sexual,Anti-Bisexual,30.00,31.00,47.00,37.00
2014,ethnicity_total,Ethnicity,648.00,790.00,821.00,668.00
2014,ethnicity,Anti-Hispanic or Latino,299.00,376.00,389.00,325.00
2014,ethnicity,Anti-Not Hispanic or Latino3,349.00,414.00,432.00,343.00
2014,disability_total,Disability,84.00,95.00,96.00,74.00
2014,disability,Anti-Physical,23.00,26.00,26.00,25.00
2014,disability,Anti-Mental,61.00,69.00,70.00,49.00
2014,gender_total,Gender,33.00,40.00,40.00,25.00
2014,gender,Anti-Male,10.00,12.00,12.00,10.00
2014,gender,Anti-Female,23.00,28.00,28.00,15.00
2014,multi_total,Gender Identity,98.00,109.00,109.00,137.00
2014,multi_total,Anti-Transgender,58.00,69.00,69.00,104.00
2014,multi_total,Anti-Gender Non-Conforming,40.00,40.00,40.00,33.00
2014,multi_total,Multiple-Bias Incidents,17.00,33.00,46.00,16.00
