﻿yr_reported,Bias,Bias_motivation,Incidents,Offenses,Victims,Known_offenders
2012.00,Total,Total,5796,6718,7164,5331
2012.00,single_bias_total,Single-Bias Incidents,5790,6705,7151,5322
2012.00,race_total,Race,2797,3297,3467,2822
2012.00,race,Anti-White,657,739,763,756
2012.00,race,Anti-Black,1805,2180,2295,1771
2012.00,race,Anti-American Indian/Alaskan Native,101,109,115,92
2012.00,race,Anti-Asian/Pacific Islander,121,134,143,119
2012.00,race,"Anti-Multiple Races, Group",113,135,151,84
2012.00,religion_total,Religion,1099,1166,1340,484
2012.00,religion,Anti-Jewish,674,696,836,232
2012.00,religion,Anti-Catholic,70,79,86,27
2012.00,religion,Anti-Protestant,33,34,35,24
2012.00,religion,Anti-Islamic,130,149,155,110
2012.00,religion,Anti-Other Religion,92,107,115,36
2012.00,religion,"Anti-Multiple Religions, Group",88,89,101,44
2012.00,religion,Anti-Atheism/Agnosticism/etc.,12,12,12,11
2012.00,sexual_total,Sexual Orientation,1135,1318,1376,1281
2012.00,sexual,Anti-Male Homosexual,605,720,741,754
2012.00,sexual,Anti-Female Homosexual,146,162,175,116
2012.00,sexual,Anti-Homosexual,321,369,393,358
2012.00,sexual,Anti-Heterosexual,24,26,26,20
2012.00,sexual,Anti-Bisexual,39,41,41,33
2012.00,ethnicity_total,Ethnicity/National Origin,667,822,866,639
2012.00,ethnicity,Anti-Hispanic,384,488,514,393
2012.00,ethnicity,Anti-Other Ethnicity/National Origin,283,334,352,246
2012.00,disability_total,Disability,92,102,102,96
2012.00,disability,Anti-Physical,18,20,20,16
2012.00,disability,Anti-Mental,74,82,82,80
2012.00,multi_total,Multiple-Bias Incidents,6,13,13,9
